{
  "dataset_name": "wikipedia",
  "num_time_steps": 20,
  "node_count": 9228,
  "edge_counts": [
    1700,
    1700,
    1701,
    1700,
    1700,
    1700,
    1700,
    1700,
    1700,
    1700,
    1700,
    1700,
    1700,
    1700,
    1700,
    1700,
    1700,
    1700,
    1700,
    1703
  ],
  "mask_stats": {
    "edge_mask_ranges": [
      [
        0.06179210543632507,
        0.7946184873580933
      ],
      [
        0.11534988135099411,
        0.6845024824142456
      ],
      [
        0.05007142946124077,
        0.7166212201118469
      ],
      [
        0.057851579040288925,
        0.7352747321128845
      ],
      [
        0.10860783606767654,
        0.673032283782959
      ],
      [
        0.11639171093702316,
        0.6657149195671082
      ],
      [
        0.09818573296070099,
        0.6673814654350281
      ],
      [
        0.13092674314975739,
        0.6649980545043945
      ],
      [
        0.11375702172517776,
        0.6438398957252502
      ],
      [
        0.10889741778373718,
        0.7012871503829956
      ],
      [
        0.16679225862026215,
        0.7303774356842041
      ],
      [
        0.150595024228096,
        0.6720280647277832
      ],
      [
        0.15001101791858673,
        0.7321346402168274
      ],
      [
        0.10689516365528107,
        0.6813164949417114
      ],
      [
        0.15180982649326324,
        0.6713188886642456
      ],
      [
        0.10850482434034348,
        0.7870867252349854
      ],
      [
        0.11029091477394104,
        0.8519386053085327
      ],
      [
        0.16839417815208435,
        0.7982707023620605
      ],
      [
        0.15422621369361877,
        0.8574849963188171
      ],
      [
        0.17111489176750183,
        0.970821738243103
      ]
    ],
    "edge_mask_means": [
      0.39259424805641174,
      0.3983971178531647,
      0.39797133207321167,
      0.4007923901081085,
      0.39749372005462646,
      0.39916548132896423,
      0.40343591570854187,
      0.40164992213249207,
      0.40058133006095886,
      0.40351346135139465,
      0.4019930362701416,
      0.4067082703113556,
      0.40480586886405945,
      0.40425336360931396,
      0.4063902795314789,
      0.4422251880168915,
      0.4651889204978943,
      0.4861421585083008,
      0.5052120089530945,
      0.5684508085250854
    ],
    "node_mask_range": [
      0.05000000074505806,
      0.8969524502754211
    ],
    "node_mask_mean": 0.3495083451271057
  }
}